Link Name,Center of Mass X,Center of Mass Y,Center of Mass Z,Center of Mass Roll,Center of Mass Pitch,Center of Mass Yaw,Mass,Moment Ixx,Moment Ixy,Moment Ixz,Moment Iyy,Moment Iyz,Moment Izz,Visual X,Visual Y,Visual Z,Visual Roll,Visual Pitch,Visual Yaw,Mesh Filename,Color Red,Color Green,Color Blue,Color Alpha,Collision X,Collision Y,Collision Z,Collision Roll,Collision Pitch,Collision Yaw,Collision Mesh Filename,Material Name,SW Components,Coordinate System,Axis Name,Joint Name,Joint Type,Joint Origin X,Joint Origin Y,Joint Origin Z,Joint Origin Roll,Joint Origin Pitch,Joint Origin Yaw,Parent,Joint Axis X,Joint Axis Y,Joint Axis Z,Limit Effort,Limit Velocity,Limit Lower,Limit Upper,Calibration rising,Calibration falling,Dynamics Damping,Dynamics Friction,Safety Soft Upper,Safety Soft Lower,Safety K Position,Safety K Velocity
base_link,-0.0600175992226992,0.00173674758946424,0.003647460158999,0,0,0,0.0559618850523164,2.50232879484508E-05,1.21179219483759E-06,1.3120954628882E-06,3.35110967631875E-05,4.46372025543979E-07,5.16602242361882E-05,0,0,0,0,0,0,package://rohand_urdf_ros2/meshes_l/base_link.STL,0.792156862745098,0.819607843137255,0.933333333333333,1,0,0,0,0,0,0,package://rohand_urdf_ros2/meshes_l/base_link.STL,,Mirror_0001_ASM.STEP-1/Mirror手掌上壳-右.STEP-1;Mirror_0001_ASM.STEP-1/Mirror手腕连接件-右.STEP-1;Mirror_0001_ASM.STEP-1/Mirror1.0401.0000027 背板.STEP-1;Mirror_0001_ASM.STEP-1/MirrorRohand-A-小指+丝杆电机装配体.STEP-1/MirrorRohand-A 小指组件.STEP-1/Mirror00-0.STEP-1;Mirror_0001_ASM.STEP-1/MirrorRohand-A-无名指+丝杆电机装配体.STEP-1/MirrorRohand-A 食指组件.STEP-1/Mirror00-0.STEP-1;Mirror_0001_ASM.STEP-1/MirrorRohand-A-中指+丝杆电机装配体.STEP-1/Mirror中指组件.STEP-1/Mirror00-0.STEP-1;Mirror_0001_ASM.STEP-1/MirrorRohand-A-食指+丝杆电机装配体.STEP-1/MirrorRohand-A 食指组件1.STEP-1/Mirror00-0.STEP-1;Mirror_0006_ASM.STEP-1/Mirror__10004_ASM.STEP-1/MirrorR-01_STP.STEP-1;Mirror_0001_ASM.STEP-1/MirrorRohand-A-大拇指+丝杆电机装配体.STEP-1/Mirror0013_ASM.STEP-1/Mirror__10003.STEP-1;Mirror_0001_ASM.STEP-1/MirrorROHand-A 手掌下壳.STEP-1;Mirror_0001_ASM.STEP-1/MirrorRohand-A-大拇指+丝杆电机装配体.STEP-1/Mirror0013_ASM.STEP-1/Mirror__10002.STEP-1;Mirror_0001_ASM.STEP-1/MirrorRohand-A-大拇指+丝杆电机装配体.STEP-1/Mirror0013_ASM.STEP-1/Mirror0014.STEP-1,base_joint,,,,0,0,0,0,0,0,,0,0,0,,,,,,,,,,,,
if_slider_link,-0.013831882124786,0.00115456036788866,1.1863450844439E-06,0,0,0,0.00048911221771827,4.60387241005875E-09,2.8127898863501E-09,-3.18026655344593E-12,3.82302567697763E-08,7.17688117200499E-11,3.92692763677803E-08,0,0,0,0,0,0,package://rohand_urdf_ros2/meshes_l/if_slider_link.STL,0.792156862745098,0.819607843137255,0.933333333333333,1,0,0,0,0,0,0,package://rohand_urdf_ros2/meshes_l/if_slider_link.STL,,Mirror_0001_ASM.STEP-1/MirrorRohand-A-食指+丝杆电机装配体.STEP-1/MirrorRohand-A 丝杆电机箱3.STEP-1/Mirror0004.STEP-1,if_slider_joint,if_slider_axis,if_slider_link,prismatic,-0.074396,0.026655,-0.0059032,0,0,0,base_link,0.99655,-0.083049,0,0,0,0,0.019,,,,,,,,
if_slider_abpart_link,-0.0107864188255613,-0.00263940611058044,-0.00013913226482987,0,0,0,0.000419595822746572,1.75917796784222E-09,2.74325143413962E-10,-6.61499697224064E-10,5.7335166061789E-09,9.56844870518539E-11,6.20984539277726E-09,0,0,0,0,0,0,package://rohand_urdf_ros2/meshes_l/if_slider_abpart_link.STL,0.792156862745098,0.819607843137255,0.933333333333333,1,0,0,0,0,0,0,package://rohand_urdf_ros2/meshes_l/if_slider_abpart_link.STL,,Mirror_0001_ASM.STEP-1/MirrorRohand-A-食指+丝杆电机装配体.STEP-1/MirrorRohand-A 丝杆电机箱3.STEP-1/Mirror0003_ASM(2)3.STEP-1/Mirror_6-R-231011-1-77180001.STEP-1;Mirror_0001_ASM.STEP-1/MirrorRohand-A-食指+丝杆电机装配体.STEP-1/MirrorRohand-A 丝杆电机箱3.STEP-1/Mirror0003_ASM(2)3.STEP-1/Mirror_6-R-231011--264160001.STEP-1;Mirror_0001_ASM.STEP-1/MirrorRohand-A-食指+丝杆电机装配体.STEP-1/MirrorRohand-A 丝杆电机箱3.STEP-1/Mirror_STEP0001.STEP-1;Mirror_0001_ASM.STEP-1/MirrorRohand-A-食指+丝杆电机装配体.STEP-1/MirrorRohand-A 丝杆电机箱3.STEP-1/Mirror_20001_ASM3.STEP-1/Mirror_6-R-231011--726080001.STEP-1;Mirror_0001_ASM.STEP-1/MirrorRohand-A-食指+丝杆电机装配体.STEP-1/MirrorRohand-A 丝杆电机箱3.STEP-1/Mirror_20001_ASM3.STEP-1/Mirror_6-R-231011--678590001.STEP-1,if_slider_abpart_joint,if_slider_abpart_axis,if_slider_abpart_link,continuous,-0.02861,0.0058839,-0.00030477,0,0,0,if_slider_link,-0.082734,-0.99276,0.087135,,,,,,,,,,,,
if_proximal_link,-0.0180401934810981,-0.00594318681409531,-0.00214940799795962,0,0,0,0.00154987032874225,6.20379278686707E-08,7.89401144100231E-09,2.15078751193785E-09,1.54247144894286E-07,1.11019132631612E-09,1.69493178080606E-07,0,0,0,0,0,0,package://rohand_urdf_ros2/meshes_l/if_proximal_link.STL,0.792156862745098,0.819607843137255,0.933333333333333,1,0,0,0,0,0,0,package://rohand_urdf_ros2/meshes_l/if_proximal_link.STL,,Mirror_0001_ASM.STEP-1/MirrorRohand-A-食指+丝杆电机装配体.STEP-1/MirrorRohand-A 食指组件1.STEP-1/MirrorRohand-A-食指中段.STEP-1,if_proximal_joint,if_proximal_axis,if_proximal_link,continuous,-0.11211,0.037738,0.0020371,0,0,0,base_link,-0.082428,-0.99278,0.087177,,,,,,,,,,,,
if_distal_link,-0.0242417824734568,-0.00576634331785811,-0.00601095840966076,0,0,0,0.0042269383122795,9.82682026496381E-08,2.86098057670537E-08,-1.10777302806872E-07,5.59160651416525E-07,7.3813015969809E-09,5.40423175644971E-07,0,0,0,0,0,0,package://rohand_urdf_ros2/meshes_l/if_distal_link.STL,0.792156862745098,0.819607843137255,0.933333333333333,1,0,0,0,0,0,0,package://rohand_urdf_ros2/meshes_l/if_distal_link.STL,,Mirror_0001_ASM.STEP-1/MirrorRohand-A-食指+丝杆电机装配体.STEP-1/MirrorRohand-A 食指组件1.STEP-1/MirrorROHand-A 食指指尖组件2.STEP-1/MirrorROHand-A 食指指腹.STEP-1;Mirror_0001_ASM.STEP-1/MirrorRohand-A-食指+丝杆电机装配体.STEP-1/MirrorRohand-A 食指组件1.STEP-1/MirrorROHand-A 食指指尖组件2.STEP-1/Mirror_-_0001.STEP-1;Mirror_0001_ASM.STEP-1/MirrorRohand-A-食指+丝杆电机装配体.STEP-1/MirrorRohand-A 食指组件1.STEP-1/销轴2.4x12.6.STEP-1;Mirror_0001_ASM.STEP-1/MirrorRohand-A-食指+丝杆电机装配体.STEP-1/MirrorRohand-A 食指组件1.STEP-1/销轴2.4x5.35.STEP-1;Mirror_0001_ASM.STEP-1/MirrorRohand-A-食指+丝杆电机装配体.STEP-1/MirrorRohand-A 食指组件1.STEP-1/1.0301.0000014 轴套.STEP-4;Mirror_0001_ASM.STEP-1/MirrorRohand-A-食指+丝杆电机装配体.STEP-1/MirrorRohand-A 食指组件1.STEP-1/1.0301.0000014 轴套.STEP-1,if_distal_joint,if_distal_axis,if_distal_link,continuous,-0.035776,0.0028401,-0.0014841,0,0,0,if_proximal_link,-0.082428,-0.99278,0.087177,,,,,,,,,,,,
if_connecting_link,-0.0154529830298678,-0.00300880066164064,-0.00700719055867323,0,0,0,0.000197692348310411,4.07223389206408E-09,1.11280581546581E-09,-9.07369152604057E-09,2.70145409777339E-08,4.0263808141139E-10,2.30774689922599E-08,0,0,0,0,0,0,package://rohand_urdf_ros2/meshes_l/if_connecting_link.STL,0.792156862745098,0.819607843137255,0.933333333333333,1,0,0,0,0,0,0,package://rohand_urdf_ros2/meshes_l/if_connecting_link.STL,,Mirror_0001_ASM.STEP-1/MirrorRohand-A-食指+丝杆电机装配体.STEP-1/MirrorRohand-A 食指组件1.STEP-1/Mirror0006.STEP-1;Mirror_0001_ASM.STEP-1/MirrorRohand-A-食指+丝杆电机装配体.STEP-1/MirrorRohand-A 食指组件1.STEP-1/Mirror0006.STEP-2,if_connecting_joint,if_connecting_axis,if_connecting_link,continuous,-0.11976,0.03521,0.0067299,0,0,0,base_link,-0.082428,-0.99278,0.087177,,,,,,,,,,,,
mf_slider_link,-0.013878747077534,0.000185328089726128,8.622740372069E-08,0,0,0,0.000489112305392741,4.3759626088488E-09,4.42668858430006E-10,-1.30309167879349E-11,3.84519195282787E-08,4.98468697390903E-13,3.92755372638914E-08,0,0,0,0,0,0,package://rohand_urdf_ros2/meshes_l/mf_slider_link.STL,0.792156862745098,0.819607843137255,0.933333333333333,1,0,0,0,0,0,0,package://rohand_urdf_ros2/meshes_l/mf_slider_link.STL,,Mirror_0001_ASM.STEP-1/MirrorRohand-A-中指+丝杆电机装配体.STEP-1/MirrorRohand-A 丝杆电机箱1.STEP-1/Mirror0004.STEP-1,mf_slider_joint,mf_slider_axis,mf_slider_link,prismatic,-0.076974,0.010077,-0.0016353,0,0,0,base_link,0.99991,-0.013228,0.00010039,0,0,0,0.019,,,,,,,,
mf_slider_abpart_link,-0.0105596379857566,-0.00336124088471218,-0.000727211243021133,0,0,0,0.000419595848489683,1.78090578752483E-09,5.23866893151899E-11,-7.88313295390851E-10,5.74728451250454E-09,1.04756066269533E-11,6.17435090190752E-09,0,0,0,0,0,0,package://rohand_urdf_ros2/meshes_l/mf_slider_abpart_link.STL,0.792156862745098,0.819607843137255,0.933333333333333,1,0,0,0,0,0,0,package://rohand_urdf_ros2/meshes_l/mf_slider_abpart_link.STL,,Mirror_0001_ASM.STEP-1/MirrorRohand-A-中指+丝杆电机装配体.STEP-1/MirrorRohand-A 丝杆电机箱1.STEP-1/Mirror0003_ASM(2)1.STEP-1/Mirror_6-R-231011-1-77180001.STEP-1;Mirror_0001_ASM.STEP-1/MirrorRohand-A-中指+丝杆电机装配体.STEP-1/MirrorRohand-A 丝杆电机箱1.STEP-1/Mirror0003_ASM(2)1.STEP-1/Mirror_6-R-231011--264160001.STEP-1;Mirror_0001_ASM.STEP-1/MirrorRohand-A-中指+丝杆电机装配体.STEP-1/MirrorRohand-A 丝杆电机箱1.STEP-1/Mirror_20001_ASM1.STEP-1/Mirror_6-R-231011--726080001.STEP-1;Mirror_0001_ASM.STEP-1/MirrorRohand-A-中指+丝杆电机装配体.STEP-1/MirrorRohand-A 丝杆电机箱1.STEP-1/Mirror_20001_ASM1.STEP-1/Mirror_6-R-231011--678590001.STEP-1;Mirror_0001_ASM.STEP-1/MirrorRohand-A-中指+丝杆电机装配体.STEP-1/MirrorRohand-A 丝杆电机箱1.STEP-1/Mirror_STEP0001.STEP-1,mf_slider_abpart_joint,mf_slider_abpart_axis,mf_slider_abpart_link,continuous,-0.028951,0.0038841,0,0,0,0,mf_slider_link,-0.013228,-0.99991,7.2594E-05,,,,,,,,,,,,
mf_proximal_link,-0.0199797334891479,-0.00693582390555644,-0.00446806914321724,0,0,0,0.00189508780970619,7.7805923733235E-08,2.0676177672704E-09,-1.00300119994739E-08,2.3404709814833E-07,1.32133235333923E-10,2.46206545141109E-07,0,0,0,0,0,0,package://rohand_urdf_ros2/meshes_l/mf_proximal_link.STL,0.792156862745098,0.819607843137255,0.933333333333333,1,0,0,0,0,0,0,package://rohand_urdf_ros2/meshes_l/mf_proximal_link.STL,,Mirror_0001_ASM.STEP-1/MirrorRohand-A-中指+丝杆电机装配体.STEP-1/Mirror中指组件.STEP-1/Mirror中指中段.STEP-1,mf_proximal_joint,mf_proximal_axis,mf_proximal_link,continuous,-0.11587,0.017792,0.0069665,0,0,0,base_link,-0.013244,-0.99991,-4.2699E-05,,,,,,,,,,,,
mf_distal_link,-0.0237385164850207,-0.00688494079178079,-0.00679220850075163,0,0,0,0.0042269628029676,9.80058679932351E-08,6.06231538286094E-09,-1.13827652906676E-07,5.60810951030143E-07,1.48885023943624E-09,5.39048309363154E-07,0,0,0,0,0,0,package://rohand_urdf_ros2/meshes_l/mf_distal_link.STL,0.792156862745098,0.819607843137255,0.933333333333333,1,0,0,0,0,0,0,package://rohand_urdf_ros2/meshes_l/mf_distal_link.STL,,Mirror_0001_ASM.STEP-1/MirrorRohand-A-中指+丝杆电机装配体.STEP-1/Mirror中指组件.STEP-1/MirrorROHand-A 食指指尖组件1.STEP-1/MirrorROHand-A 食指指腹.STEP-1;Mirror_0001_ASM.STEP-1/MirrorRohand-A-中指+丝杆电机装配体.STEP-1/Mirror中指组件.STEP-1/MirrorROHand-A 食指指尖组件1.STEP-1/Mirror_-_0001.STEP-1;Mirror_0001_ASM.STEP-1/MirrorRohand-A-中指+丝杆电机装配体.STEP-1/Mirror中指组件.STEP-1/销轴2.4x12.6.STEP-2;Mirror_0001_ASM.STEP-1/MirrorRohand-A-中指+丝杆电机装配体.STEP-1/Mirror中指组件.STEP-1/销轴2.4x5.35.STEP-1;Mirror_0001_ASM.STEP-1/MirrorRohand-A-中指+丝杆电机装配体.STEP-1/Mirror中指组件.STEP-1/Mirror轴套D3.2-d2.4.STEP-6;Mirror_0001_ASM.STEP-1/MirrorRohand-A-中指+丝杆电机装配体.STEP-1/Mirror中指组件.STEP-1/Mirror轴套D3.2-d2.4.STEP-1,mf_distal_joint,mf_distal_axis,mf_distal_link,continuous,-0.040851,0.00054126,-0.0035367,0,0,0,mf_proximal_link,-0.013244,-0.99991,-2.1055E-05,,,,,,,,,,,,
mf_connecting_link,-0.0173259476733337,-0.00342060961323612,-0.00839513952079128,0,0,0,0.000216184518525667,5.71913358376963E-09,4.34632649617872E-10,-1.31282895880665E-08,3.85063451062604E-08,1.74009446649164E-10,3.28217930253539E-08,0,0,0,0,0,0,package://rohand_urdf_ros2/meshes_l/mf_connecting_link.STL,0.792156862745098,0.819607843137255,0.933333333333333,1,0,0,0,0,0,0,package://rohand_urdf_ros2/meshes_l/mf_connecting_link.STL,,Mirror_0001_ASM.STEP-1/MirrorRohand-A-中指+丝杆电机装配体.STEP-1/Mirror中指组件.STEP-1/Mirror0012.STEP-2;Mirror_0001_ASM.STEP-1/MirrorRohand-A-中指+丝杆电机装配体.STEP-1/Mirror中指组件.STEP-1/Mirror0012.STEP-1,mf_connecting_joint,mf_connecting_axis,mf_connecting_link,continuous,-0.12334,0.014341,0.011366,0,0,0,base_link,-0.013244,-0.99991,-2.1054E-05,,,,,,,,,,,,
rf_slider_link,-0.0138578672671499,-0.00078324248832945,1.59405782883433E-07,0,0,0,0.000489112303078988,4.48016318899327E-09,-1.93283010934183E-09,-1.28464378602607E-11,3.834771866864E-08,-3.94300598627811E-13,3.92755371230416E-08,0,0,0,0,0,0,package://rohand_urdf_ros2/meshes_l/rf_slider_link.STL,0.792156862745098,0.819607843137255,0.933333333333333,1,0,0,0,0,0,0,package://rohand_urdf_ros2/meshes_l/rf_slider_link.STL,,Mirror_0001_ASM.STEP-1/MirrorRohand-A-无名指+丝杆电机装配体.STEP-1/MirrorRohand-A 丝杆电机箱.STEP-1/Mirror0004.STEP-1,rf_slider_joint,rf_slider_axis,rf_slider_link,prismatic,-0.074498,-0.0072492,-0.0023801,0,0,0,base_link,0.9984,0.056554,9.5082E-05,0,0,0,0.019,,,,,,,,
rf_slider_abpart_link,-0.0103066808663681,-0.00409004748705058,-0.000613628353270297,0,0,0,0.000419595841745906,1.77645736028942E-09,-2.25058409313133E-10,-7.39578165961404E-10,5.73522260886412E-09,-4.18409260159825E-11,6.19086108929486E-09,0,0,0,0,0,0,package://rohand_urdf_ros2/meshes_l/rf_slider_abpart_link.STL,0.792156862745098,0.819607843137255,0.933333333333333,1,0,0,0,0,0,0,package://rohand_urdf_ros2/meshes_l/rf_slider_abpart_link.STL,,Mirror_0001_ASM.STEP-1/MirrorRohand-A-无名指+丝杆电机装配体.STEP-1/MirrorRohand-A 丝杆电机箱.STEP-1/Mirror0003_ASM(2).STEP-1/Mirror_6-R-231011-1-77180001.STEP-1;Mirror_0001_ASM.STEP-1/MirrorRohand-A-无名指+丝杆电机装配体.STEP-1/MirrorRohand-A 丝杆电机箱.STEP-1/Mirror_20001_ASM.STEP-1/Mirror_6-R-231011--726080001.STEP-1;Mirror_0001_ASM.STEP-1/MirrorRohand-A-无名指+丝杆电机装配体.STEP-1/MirrorRohand-A 丝杆电机箱.STEP-1/Mirror_20001_ASM.STEP-1/Mirror_6-R-231011--678590001.STEP-1;Mirror_0001_ASM.STEP-1/MirrorRohand-A-无名指+丝杆电机装配体.STEP-1/MirrorRohand-A 丝杆电机箱.STEP-1/Mirror_STEP0001.STEP-1;Mirror_0001_ASM.STEP-1/MirrorRohand-A-无名指+丝杆电机装配体.STEP-1/MirrorRohand-A 丝杆电机箱.STEP-1/Mirror0003_ASM(2).STEP-1/Mirror_6-R-231011--264160001.STEP-1,rf_slider_abpart_joint,rf_slider_abpart_axis,rf_slider_abpart_link,continuous,-0.029152,0.0018551,0,0,0,0,rf_slider_link,0.056554,-0.9984,7.942E-05,,,,,,,,,,,,
rf_proximal_link,-0.0169549089835899,-0.00817221852533054,-0.00333737800773532,0,0,0,0.00154985371268108,6.16430441306532E-08,-5.27625854931828E-09,-1.35085566211527E-09,1.54505752798055E-07,-7.80848576926748E-11,1.69627005510225E-07,0,0,0,0,0,0,package://rohand_urdf_ros2/meshes_l/rf_proximal_link.STL,0.792156862745098,0.819607843137255,0.933333333333333,1,0,0,0,0,0,0,package://rohand_urdf_ros2/meshes_l/rf_proximal_link.STL,,Mirror_0001_ASM.STEP-1/MirrorRohand-A-无名指+丝杆电机装配体.STEP-1/MirrorRohand-A 食指组件.STEP-1/MirrorRohand-A-食指中段.STEP-1,rf_proximal_joint,rf_proximal_axis,rf_proximal_link,continuous,-0.11364,-0.0022565,0.0062163,0,0,0,base_link,0.05658,-0.9984,-2.102E-05,,,,,,,,,,,,
rf_distal_link,-0.022696111452442,-0.00849649226724736,-0.00835478756750876,0,0,0,0.00422730983553646,1.16496262714894E-07,-2.5261364839183E-08,-1.41993969994743E-07,5.59567957009536E-07,-8.07053877471632E-09,5.22034079641838E-07,0,0,0,0,0,0,package://rohand_urdf_ros2/meshes_l/rf_distal_link.STL,0.792156862745098,0.819607843137255,0.933333333333333,1,0,0,0,0,0,0,package://rohand_urdf_ros2/meshes_l/rf_distal_link.STL,,Mirror_0001_ASM.STEP-1/MirrorRohand-A-无名指+丝杆电机装配体.STEP-1/MirrorRohand-A 食指组件.STEP-1/MirrorROHand-A 食指指尖组件.STEP-1/MirrorROHand-A 食指指腹.STEP-1;Mirror_0001_ASM.STEP-1/MirrorRohand-A-无名指+丝杆电机装配体.STEP-1/MirrorRohand-A 食指组件.STEP-1/MirrorROHand-A 食指指尖组件.STEP-1/Mirror_-_0001.STEP-1;Mirror_0001_ASM.STEP-1/MirrorRohand-A-无名指+丝杆电机装配体.STEP-1/MirrorRohand-A 食指组件.STEP-1/销轴2.4x12.6.STEP-1;Mirror_0001_ASM.STEP-1/MirrorRohand-A-无名指+丝杆电机装配体.STEP-1/MirrorRohand-A 食指组件.STEP-1/销轴2.4x5.35.STEP-1;Mirror_0001_ASM.STEP-1/MirrorRohand-A-无名指+丝杆电机装配体.STEP-1/MirrorRohand-A 食指组件.STEP-1/1.0301.0000014 轴套.STEP-1;Mirror_0001_ASM.STEP-1/MirrorRohand-A-无名指+丝杆电机装配体.STEP-1/MirrorRohand-A 食指组件.STEP-1/1.0301.0000014 轴套.STEP-4,rf_distal_joint,rf_distal_axis,rf_distal_link,continuous,-0.035766,-0.0020268,-0.0026198,0,0,0,rf_proximal_link,0.05658,-0.9984,-2.102E-05,,,,,,,,,,,,
rf_connecting_link,-0.0182151281756033,0.0164706758619828,-0.00574282817068492,0,0,0,0.000197692354337264,4.92838052690555E-09,-1.25465921189233E-09,-9.87171474508207E-09,2.70004879799029E-08,-5.59333811535522E-10,2.22353755729308E-08,0,0,0,0,0,0,package://rohand_urdf_ros2/meshes_l/rf_connecting_link.STL,0.792156862745098,0.819607843137255,0.933333333333333,1,0,0,0,0,0,0,package://rohand_urdf_ros2/meshes_l/rf_connecting_link.STL,,Mirror_0001_ASM.STEP-1/MirrorRohand-A-无名指+丝杆电机装配体.STEP-1/MirrorRohand-A 食指组件.STEP-1/Mirror0006.STEP-2;Mirror_0001_ASM.STEP-1/MirrorRohand-A-无名指+丝杆电机装配体.STEP-1/MirrorRohand-A 食指组件.STEP-1/Mirror0006.STEP-1,lf_connecting_joint,rf_connecting_axis,rf_connecting_link,continuous,-0.11723,-0.027174,0.008365,0,0,0,base_link,0.05658,-0.9984,-2.102E-05,,,,,,,,,,,,
lf_slider_link,-0.0144167564876969,-0.00171205925869156,3.81352530457336E-07,0,0,0,0.000510662528391611,4.9365491500063E-09,-3.99382130462206E-09,-3.82896929119076E-12,3.79994364556094E-08,-7.87026435487919E-11,3.93595008041777E-08,0,0,0,0,0,0,package://rohand_urdf_ros2/meshes_l/lf_slider_link.STL,0.792156862745098,0.819607843137255,0.933333333333333,1,0,0,0,0,0,0,package://rohand_urdf_ros2/meshes_l/lf_slider_link.STL,,Mirror_0001_ASM.STEP-1/MirrorRohand-A-小指+丝杆电机装配体.STEP-1/MirrorRohand-A 丝杆电机箱2.STEP-1/Mirror0004.STEP-1;Mirror_0001_ASM.STEP-1/MirrorRohand-A-小指+丝杆电机装配体.STEP-1/MirrorRohand-A 丝杆电机箱2.STEP-1/Mirror_20001_ASM2.STEP-1/Mirror_6-R-231011--678590001.STEP-1,lf_slider_joint,lf_slider_axis,lf_slider_link,prismatic,-0.070847,-0.024182,-0.0048997,0,0,0,base_link,0.99301,0.11803,8.2704E-05,0,0,0,0.019,,,,,,,,
lf_slider_abpart_link,-0.0100358483607181,-0.00463982379624511,-0.00104236140669513,0,0,0,0.000419595826532552,1.82121196852816E-09,-3.9802967870408E-10,-7.80769700533061E-10,5.71210051864852E-09,-1.29906442115816E-10,6.16922773505282E-09,0,0,0,0,0,0,package://rohand_urdf_ros2/meshes_l/lf_slider_abpart_link.STL,0.792156862745098,0.819607843137255,0.933333333333333,1,0,0,0,0,0,0,package://rohand_urdf_ros2/meshes_l/lf_slider_abpart_link.STL,,Mirror_0001_ASM.STEP-1/MirrorRohand-A-小指+丝杆电机装配体.STEP-1/MirrorRohand-A 丝杆电机箱2.STEP-1/Mirror0003_ASM(2)2.STEP-1/Mirror_6-R-231011-1-77180001.STEP-1;Mirror_0001_ASM.STEP-1/MirrorRohand-A-小指+丝杆电机装配体.STEP-1/MirrorRohand-A 丝杆电机箱2.STEP-1/Mirror0003_ASM(2)2.STEP-1/Mirror_6-R-231011--264160001.STEP-1;Mirror_0001_ASM.STEP-1/MirrorRohand-A-小指+丝杆电机装配体.STEP-1/MirrorRohand-A 丝杆电机箱2.STEP-1/Mirror_20001_ASM2.STEP-1/Mirror_6-R-231011--726080001.STEP-1;Mirror_0001_ASM.STEP-1/MirrorRohand-A-小指+丝杆电机装配体.STEP-1/MirrorRohand-A 丝杆电机箱2.STEP-1/Mirror_20001_ASM2.STEP-1/Mirror_6-R-231011--678590001.STEP-1;Mirror_0001_ASM.STEP-1/MirrorRohand-A-小指+丝杆电机装配体.STEP-1/MirrorRohand-A 丝杆电机箱2.STEP-1/Mirror_STEP0001.STEP-1,lf_slider_abpart_joint,lf_slider_abpart_axis,lf_slider_abpart_link,continuous,-0.029209,4.0116E-05,0.00030326,0,0,0,lf_slider_link,0.11759,-0.98923,-0.08715,,,,,,,,,,,,
lf_proximal_link,-0.0146179038371213,-0.00865933449081624,-0.00404765240562847,0,0,0,0.00136661208486985,5.65517835433433E-08,-6.43465965682621E-09,-2.86652645878912E-09,1.12186752570062E-07,-1.61029658148309E-09,1.27246247373284E-07,0,0,0,0,0,0,package://rohand_urdf_ros2/meshes_l/lf_proximal_link.STL,0.792156862745098,0.819607843137255,0.933333333333333,1,0,0,0,0,0,0,package://rohand_urdf_ros2/meshes_l/lf_proximal_link.STL,,Mirror_0001_ASM.STEP-1/MirrorRohand-A-小指+丝杆电机装配体.STEP-1/MirrorRohand-A 小指组件.STEP-1/MirrorRohand-A-小指中段.STEP-1,lf_proximal_joint,lf_proximal_axis,lf_proximal_link,continuous,-0.11032,-0.022406,0.0042916,0,0,0,base_link,0.11759,-0.98923,-0.087106,,,,,,,,,,,,
lf_distal_link,-0.014370796499536,-0.008390245956126,-0.00657795990320131,0,0,0,0.00262042947413116,5.14865241597797E-08,-8.72354900376063E-09,-3.78475585620367E-08,1.52166371803539E-07,-3.91942047531457E-09,1.45327848752015E-07,0,0,0,0,0,0,package://rohand_urdf_ros2/meshes_l/lf_distal_link.STL,0.792156862745098,0.819607843137255,0.933333333333333,1,0,0,0,0,0,0,package://rohand_urdf_ros2/meshes_l/lf_distal_link.STL,,Mirror_0001_ASM.STEP-1/MirrorRohand-A-小指+丝杆电机装配体.STEP-1/MirrorRohand-A 小指组件.STEP-1/MirrorRohand-A 小指指尖组件.STEP-1/Mirror_0004.STEP-1;Mirror_0001_ASM.STEP-1/MirrorRohand-A-小指+丝杆电机装配体.STEP-1/MirrorRohand-A 小指组件.STEP-1/MirrorRohand-A 小指指尖组件.STEP-1/MirrorRohand-A 小指指尖底座.STEP-1;Mirror_0001_ASM.STEP-1/MirrorRohand-A-小指+丝杆电机装配体.STEP-1/MirrorRohand-A 小指组件.STEP-1/销轴2.4x5.35.STEP-1;Mirror_0001_ASM.STEP-1/MirrorRohand-A-小指+丝杆电机装配体.STEP-1/MirrorRohand-A 小指组件.STEP-1/销轴2.4x12.6.STEP-1;Mirror_0001_ASM.STEP-1/MirrorRohand-A-小指+丝杆电机装配体.STEP-1/MirrorRohand-A 小指组件.STEP-1/Mirror轴套D3.2-d2.4.STEP-12;Mirror_0001_ASM.STEP-1/MirrorRohand-A-小指+丝杆电机装配体.STEP-1/MirrorRohand-A 小指组件.STEP-1/Mirror轴套D3.2-d2.4.STEP-8,lf_distal_joint,lf_distal_axis,lf_distal_link,continuous,-0.031562,-0.0034532,-0.003392,0,0,0,lf_proximal_link,0.11759,-0.98923,-0.087106,,,,,,,,,,,,
lf_connecting_link,-0.0121624488477445,-0.00439577388851597,-0.00839995412997622,0,0,0,0.000176980932045691,4.93706927346499E-09,-1.08018597686527E-09,-8.19110691260071E-09,2.00115768299624E-08,-5.47674876971474E-10,1.52537402638674E-08,0,0,0,0,0,0,package://rohand_urdf_ros2/meshes_l/lf_connecting_link.STL,0.792156862745098,0.819607843137255,0.933333333333333,1,0,0,0,0,0,0,package://rohand_urdf_ros2/meshes_l/lf_connecting_link.STL,,Mirror_0001_ASM.STEP-1/MirrorRohand-A-小指+丝杆电机装配体.STEP-1/MirrorRohand-A 小指组件.STEP-1/Mirror小指连杆.STEP-1;Mirror_0001_ASM.STEP-1/MirrorRohand-A-小指+丝杆电机装配体.STEP-1/MirrorRohand-A 小指组件.STEP-1/Mirror小指连杆.STEP-2,lf_connecting_joint,lf_connecting_axis,lf_connecting_link,continuous,-0.11723,-0.027174,0.008365,0,0,0,base_link,0.11759,-0.98924,-0.087085,,,,,,,,,,,,
th_root_link,-0.0182055985206398,0.00620277969837987,-0.00602504691008154,0,0,0,0.00217782401907458,1.92048266024776E-07,8.02008085705929E-08,-1.58292817167637E-08,1.97385210109919E-07,2.8437183719772E-08,2.25369870005598E-07,0,0,0,0,0,0,package://rohand_urdf_ros2/meshes_l/th_root_link.STL,0.792156862745098,0.819607843137255,0.933333333333333,1,0,0,0,0,0,0,package://rohand_urdf_ros2/meshes_l/th_root_link.STL,,Mirror_0001_ASM.STEP-1/MirrorRohand-A-大拇指+丝杆电机装配体.STEP-1/Mirror0013_ASM.STEP-1/Mirror0016.STEP-1,th_root_joint,th_root_axis,th_root_link,revolute,-0.024656,0.019554,-0.018266,0,0,0,base_link,0.97616,-0.01293,0.21667,0,0,0,1.57,,,,,,,,
th_proximal_link,-0.00770018684827107,0.011788302524247,-0.0170644760229541,0,0,0,0.00501318922026079,2.07793414915373E-06,-3.98829361861836E-12,3.13964194356435E-13,1.50672511173197E-06,6.80394768150803E-07,6.75564984341832E-07,0,0,0,0,0,0,package://rohand_urdf_ros2/meshes_l/th_proximal_link.STL,0.792156862745098,0.819607843137255,0.933333333333333,1,0,0,0,0,0,0,package://rohand_urdf_ros2/meshes_l/th_proximal_link.STL,,Mirror_0001_ASM.STEP-1/MirrorRohand-A-大拇指+丝杆电机装配体.STEP-1/Mirror0019_ASM.STEP-1/Mirror_0003_ASM.STEP-1/Mirror100.STEP-1;Mirror_0001_ASM.STEP-1/MirrorRohand-A-大拇指+丝杆电机装配体.STEP-1/Mirror0019_ASM.STEP-1/Mirror_0003_ASM.STEP-1/Mirror_6-R-231011--572140001.STEP-1,th_proximal_joint,th_proximal_axis,th_proximal_link,continuous,-0.025097,0.021667,-0.015581,0.14303,1.3497,0.14655,th_root_link,1,0,0,,,,,,,,,,,,
th_slider_link,-0.0119352170255541,0.00825053452681332,-0.00238381819650774,0,0,0,0.000966918573679238,4.78147534251827E-08,2.60369555753437E-08,-1.95859134260407E-09,5.57308268866282E-08,5.63509107044141E-09,6.02170914313473E-08,0,0,0,0,0,0,package://rohand_urdf_ros2/meshes_l/th_slider_link.STL,0.792156862745098,0.819607843137255,0.933333333333333,1,0,0,0,0,0,0,package://rohand_urdf_ros2/meshes_l/th_slider_link.STL,,Mirror_0001_ASM.STEP-1/MirrorRohand-A-大拇指+丝杆电机装配体.STEP-1/Mirror0019_ASM.STEP-1/Mirror0023.STEP-1;Mirror_0001_ASM.STEP-1/MirrorRohand-A-大拇指+丝杆电机装配体.STEP-1/Mirror0019_ASM.STEP-1/Mirror0021.STEP-1,th_slider_joint,th_slider_axis,th_slider_link,prismatic,-0.0077,0.0027693,-0.00023667,0,-1.352,-0.032034,th_proximal_link,-0.76198,0.63028,-0.14877,0,0,0,0.01,,,,,,,,
th_connecting_link,-0.00506957828509727,0.0022529909165182,0.00365191633381741,0,0,0,0.000334843777726033,2.97269012068611E-09,1.34809608463028E-09,-4.23656553440134E-10,5.01992883871934E-09,2.98232658947671E-10,4.99074064887975E-09,0,0,0,0,0,0,package://rohand_urdf_ros2/meshes_l/th_connecting_link.STL,0.792156862745098,0.819607843137255,0.933333333333333,1,0,0,0,0,0,0,package://rohand_urdf_ros2/meshes_l/th_connecting_link.STL,,Mirror_0001_ASM.STEP-1/MirrorRohand-A-大拇指+丝杆电机装配体.STEP-1/Mirror0019_ASM.STEP-1/Mirror0020.STEP-1;Mirror_0001_ASM.STEP-1/MirrorRohand-A-大拇指+丝杆电机装配体.STEP-1/Mirror0019_ASM.STEP-1/销轴2.4x7.5.STEP-1;Mirror_0001_ASM.STEP-1/MirrorRohand-A-大拇指+丝杆电机装配体.STEP-1/Mirror0019_ASM.STEP-1/轴套D3.2-d2.4.STEP-5;Mirror_0001_ASM.STEP-1/MirrorRohand-A-大拇指+丝杆电机装配体.STEP-1/Mirror0019_ASM.STEP-1/轴套D3.2-d2.4.STEP-6,th_connecting_joint,th_connecting_axis,th_connecting_link,continuous,-0.027697,0.024088,-0.010084,0,0,0,th_slider_link,-0.21699,-0.032029,0.97565,,,,,,,,,,,,
th_distal_link,-0.00470321656966432,0.0108131649563331,0.00709251414154711,0,0,0,0.00509494222453049,2.72112772656721E-07,5.86600483065481E-08,8.76444627770057E-09,2.01886474111303E-07,1.17477856405696E-08,2.43694502794788E-07,0,0,0,0,0,0,package://rohand_urdf_ros2/meshes_l/th_distal_link.STL,0.792156862745098,0.819607843137255,0.933333333333333,1,0,0,0,0,0,0,package://rohand_urdf_ros2/meshes_l/th_distal_link.STL,,Mirror_0001_ASM.STEP-1/MirrorRohand-A-大拇指+丝杆电机装配体.STEP-1/Mirror0019_ASM.STEP-1/Mirror0024_ASM.STEP-1/Mirror0025.STEP-1;Mirror_0001_ASM.STEP-1/MirrorRohand-A-大拇指+丝杆电机装配体.STEP-1/Mirror0019_ASM.STEP-1/Mirror0024_ASM.STEP-1/Mirror__-_0001.STEP-1;Mirror_0001_ASM.STEP-1/MirrorRohand-A-大拇指+丝杆电机装配体.STEP-1/Mirror0019_ASM.STEP-1/销轴2.4x13.45.STEP-2;Mirror_0001_ASM.STEP-1/MirrorRohand-A-大拇指+丝杆电机装配体.STEP-1/Mirror0019_ASM.STEP-1/销轴2.4x13.45.STEP-1;Mirror_0001_ASM.STEP-1/MirrorRohand-A-大拇指+丝杆电机装配体.STEP-1/Mirror0019_ASM.STEP-1/轴套D3.2-d2.4.STEP-1;Mirror_0001_ASM.STEP-1/MirrorRohand-A-大拇指+丝杆电机装配体.STEP-1/Mirror0019_ASM.STEP-1/Mirror轴套D3.2-d2.4.STEP-3;Mirror_0001_ASM.STEP-1/MirrorRohand-A-大拇指+丝杆电机装配体.STEP-1/Mirror0019_ASM.STEP-1/轴套D3.2-d2.4.STEP-4;Mirror_0001_ASM.STEP-1/MirrorRohand-A-大拇指+丝杆电机装配体.STEP-1/Mirror0019_ASM.STEP-1/Mirror轴套D3.2-d2.4.STEP-5,th_distal_joint,th_distal_axis,th_distal_link,continuous,-0.00010351,0.023735,-0.046849,0,-1.352,-0.032034,th_proximal_link,-0.21698,-0.032029,0.97565,,,,,,,,,,,,
